name,words
에너지장비및서비스,"['SDN', '윌링스', '에스에너지', '현대에너지솔루션', '코드네이처', '파루', '지엔원에너지', '서남', '제이씨케미칼', '젬백스지오']"
디스플레이패널,"['LG디스플레이', '일진디스플']"
화학,"['한농화성', '한화솔루션우', 'SK케미칼', '금호석유', '삼영화학', '한화솔루션', 'HRS', 'OCI', '코스모신소재', '테이팩스', '금호석유우', 'SK케미칼우', '전진바이오팜', '롯데케미칼', '송원산업', '대한유화', '티케이케미칼', '코오롱플라스틱', '태경케미컬', '롯데정밀화학', '스카이이앤엠', '금양', '그린케미칼', '에코프로', '레이크머티리얼즈', '나노캠텍', '포스코케미칼', '휴켐스', '이수화학', '웹스', '녹원씨엔아이', '원풍', 'LG화학', '쎄노텍', 'LG화학우', 'SKC', '나노신소재', 'NPC우', '영보화학', '와이오엠', '한일화학', '대한화섬', '후성', 'KCI', '진양화학', '케이디켐', '국도화학', '애경유화', '효성첨단소재', '한솔케미칼', 'SH에너지화학', '카프로', 'NPC', '동성화학', '켐트로닉스', '코오롱우', 'AK홀딩스', '코오롱', '진양홀딩스', '성보화학', 'KPX홀딩스', '미원상사', '한국석유', '이화산업', '조비', '경농', '동방아그로', 'WISCOM', '남해화학', '미래SCI', '효성오앤비', '원익머트리얼즈', '효성화학', '크리스탈신소재', 'KPX케미칼', '유니드', 'PI첨단소재', '오공', '미원에스씨', '동성코퍼레이션', '코오롱인더우', '엔피케이', '스타플렉스', '이엔에프테크놀로지', '경인양행', '미원홀딩스', '삼영무역', '태광산업', '대유', '원익큐브', '코오롱인더', '한국알콜', '동남합성', '백광산업', '파미셀', '미원화학', '진양폴리', '진양산업', '한국바이오젠', '케이피엠테크', '동성화인텍', '에스폴리텍', '나노브릭', '레몬', '코스모화학', '켐트로스', '나노', 'KG케미칼', '대정화금', '자안']"
전기장비,"['비나텍', '가온전선', 'LS ELECTRIC', 'LS', 'LS전선아시아', '현대일렉트릭', '대원전선우', '효성중공업', '서전기전', '선도전기', '광명전기', '대원전선', '비츠로테크', '제룡전기', '세명전기', '지엔씨에너지', '제룡산업', '일진전기', '일진홀딩스', '대한전선', '보성파워텍', 'KBI메탈', '대한광통신', '이화전기', '피앤씨테크']"
독립전력생산및에너지거래,['에코바이오']
생명과학도구및서비스,"['바디텍메드', '디엔에이링크', '씨젠', '소마젠(Reg.S)', '켐온', '인트론바이오', '얼라인드', '엑세스바이오', '노터스', '크리스탈지노믹스', '피씨엘', '랩지노믹스', '에이프런티어', '캔서롭', '파나진', '서흥', 'EDGC', '레고켐바이오', '피엔케이피부임상연구센타', '휴마시스', '마크로젠', '우정바이오', '나노엔텍', '바이오톡스텍', '엔케이맥스', '대한과학', '일신바이오']"
항공사,"['한진칼', '한진칼우', '티웨이홀딩스', '제주항공', '대한항공', '아시아나항공', '티웨이항공', '대한항공우', '예림당', '에어부산', '진에어']"
부동산,"['SK디앤디', '이지스밸류리츠', '이지스레지던스리츠', '롯데리츠', '코람코에너지리츠', '모두투어리츠', '한국토지신탁', '이리츠코크렙', '한창', '제이알글로벌리츠', '한국자산신탁', '신한알파리츠', '미래에셋맵스리츠', 'NH프라임리츠', '해성산업', '에이리츠', '케이탑리츠']"
가구,"['현대리바트', '한샘', '코아스', '시디즈', '에넥스', '에이스침대', '듀오백', '퍼시스', '지누스']"
항공화물운송과물류,"['인터지스', '현대글로비스', '유수홀딩스', 'KCTC', '세방우', '한익스프레스', '한진', 'CJ대한통운', '한솔로지스틱스', '삼일', '국보', '동방', '세방']"
전기유틸리티,"['한전산업', '한국전력', '한전KPS', '한전기술']"
철강,"['동일철강', '화인베스틸', '동국제강', '한국선재', 'NI스틸', '동국산업', '한국특수형강', '영흥', '삼현철강', '대창스틸', 'DSR제강', '한국철강', '세아제강', '동일제강', 'POSCO', '동양철관', '경남스틸', '현대제철', '대호피앤씨우', '광진실업', '금강철강', '세아제강지주', '신화실업', '대호피앤씨', '대동스틸', '세아특수강', '원일특강', '만호제강', '휴스틸', '문배철강', '포스코엠텍', '동양에스텍', 'TCC스틸', '한국주철관', '세아베스틸', '부국철강', '글로스퍼랩스', '동일산업', '조선선재', '하이스틸', '고려제강', 'KG동부제철우', 'KISCO홀딩스', '제일제강', '한일철강', '세아홀딩스', 'KG동부제철', '대한제강', '유에스티', '한국주강', 'CS홀딩스']"
종이와목재,"['성창기업지주', '깨끗한나라', '무림P&P', '버추얼텍', '깨끗한나라우', '페이퍼코리아', '한솔홀딩스', '국일제지', '무림SP', '한솔제지', '한솔PNS', '무림페이퍼', '컨버즈', '영풍제지', '선창산업']"
가스유틸리티,"['대성홀딩스', 'SK가스', '대성에너지', 'E1', '경동도시가스', '한국가스공사', '예스코홀딩스', '서울가스', '부산가스', '한진중공업홀딩스', '인천도시가스', '지에스이', '삼천리']"
건강관리장비와용품,"['클래시스', '이오플로우', '지노믹트리', '젠큐릭스', '오스테오닉', '나이벡', '엘앤케이바이오', '디오', '이루다', '제놀루션', '셀바스헬스케어', '루트로닉', '덴티스', '루트로닉3우C', '메디아나', '한국비엔씨', '피제이전자', '마이크로디지탈', '셀바스AI', '아이센스', '원익', '제테마', '이노테라피', '메타바이오메드', '코렌텍', '레이언스', '인트로메딕', '제노레이', '인바디', '오스템임플란트', '셀루메드', '유앤아이', '솔고바이오', '인터로조', '제이브이엠', '디알텍', '리메드', '신흥', '뷰웍스', '바텍', '세운메디칼', '휴비츠', '세종메디칼', '하이로닉', '디알젬', '레이', '한스바이오메드', '덴티움', '수젠텍', '아스타', '시너지이노베이션', '멕아이씨에스', '엘앤씨바이오', '네오펙트', '녹십자엠에스', '엠아이텍', '지티지웰니스']"
증권,"['한양증권우', '미래에셋대우', 'SK증권우', '삼성증권', '한화투자증권우', '미래에셋대우2우B', 'SK증권', '유안타증권우', '코리아에셋투자증권', '한양증권', '미래에셋대우우', 'NH투자증권우', '상상인증권', '현대차증권', '한화투자증권', '키움증권', 'KTB투자증권', '유화증권우', '유진투자증권', '대신증권', '유안타증권', '대신증권2우B', '대신증권우', 'DB금융투자', '부국증권', 'NH투자증권', '교보증권', '부국증권우', '신영증권우', '한국금융지주', '메리츠증권', '이베스트투자증권', '다우데이타', '한국금융지주우', '신영증권', '유화증권']"
전기제품,"['아비코전자', '에스피지', '두산퓨얼셀', '피에스텍', '두산퓨얼셀1우', '서울전자통신', '명성티엔에스', '삼성SDI', '에스퓨얼셀', '에스씨디', '에코프로비엠', '두산퓨얼셀2우B', '삼화전기', '성문전자', '대보마그네틱', '삼성SDI우', '신흥에스이씨', '상아프론테크', '동양이엔피', '파워로직스', '필룩스', '삼영전자', '삼화콘덴서', '크로바하이텍', '성문전자우', '신화콘텍', '성호전자', '엘앤에프', '비츠로셀', '이노메트리', '뉴인텍', '에이에프더블류', '피앤이솔루션', '엔에스', '피엔티', '씨아이에스', '파워넷', '디피씨', '엠플러스', '디에이테크놀로지']"
기계,"['에이테크솔루션', '디와이파워', '조광ILI', 'KC코트렐', '뉴로스', '우진', '에버다임', '대창단조', '동국S&C', '이엠코리아', '에너토크', '유니슨', '에코마이스터', '씨에스윈드', '삼영엠텍', '원방테크', '넥스턴', '두산인프라코어', '프리엠스', '두산중공업', '웰크론한텍', 'KC그린홀딩스', '씨에스베어링', '아세아텍', '포메탈', '태웅', '수산중공업', '디와이', '대동공업', 'SIMPAC', '테라사이언스', '화천기계', '비에이치아이', '신진에스엠', '에이치케이', '동양물산', '현대건설기계', 'S&TC', '태광', '제이엔케이히터', '삼익THK', '자비스', '하이록코리아', '휴림로봇', '에이비프로바이오', '스페코', '우림기계', '성광벤드', '알에스오토메이션', '대모', '흥국', '혜인', '에쎈테크', '에스엠코어', '디케이락', '큐로', '화천기공', '대동기어', '스맥', '한국테크놀로지', '코메론', '부스타', '와이지-원', '디에스티', '우진플라임', '3S', '현대로템', '디와이피엔에프', '강원', '스타모빌리티', '티에스아이', '에스피시스템스', '비엠티', '화성밸브', '에이프로젠 KIC', '광림', '진성티이씨', '엔케이', 'TPC', '영풍정밀', '현대엘리베이', '코윈테크', '대창솔루션', '케이피에프', '두산밥캣', '한신기계', '이엔플러스', '서암기계공업', '에스에프에이', '동일금속', '로보스타', '나라엠앤디', '수성', '이더블유케이', '기신정기', '비디아이', '에이치엘비파워', '한국정밀기계', '파라텍', '맥스로텍']"
화장품,"['세화피앤씨', '잉글우드랩', '글로본', 'LG생활건강우', '잇츠한불', '코스메카코리아', 'CSA 코스믹', 'LG생활건강', '아모레퍼시픽우', '라파스', '한국화장품제조', '본느', '제닉', '아우딘퓨쳐스', '토니모리', '씨티케이코스메틱스', '코리아나', '컬러레이', '아모레G우', '아모레G', '아모레퍼시픽', '아모레G3우(전환)', '리더스코스메틱', '네오팜', '한국콜마홀딩스', '현대바이오', '블러썸엠앤씨', 'SK바이오랜드', '폴루스바이오팜', '에이씨티', '한국화장품', '스킨앤스킨', '에이블씨엔씨', '씨큐브', '클리오', '코스맥스', '애경산업', '한국콜마', '코디', '아이큐어', '제이준코스메틱', '올리패스', '코스온', 'MP한강', '에프앤리퍼블릭', '에스디생명공학', '오가닉티코스메틱']"
카드,['삼성카드']
창업투자,"['아주IB투자', 'SV인베스트먼트', 'DSC인베스트먼트', '린드먼아시아', '리더스 기술투자', '하나금융16호스팩', '한화에스비아이스팩', '대신밸런스제6호스팩', '신한제6호스팩', '하나금융14호스팩', '에이티넘인베스트', '컴퍼니케이', 'TS인베스트먼트', '큐캐피탈', '대신밸런스제7호스팩', '미래에셋대우스팩3호', '케이비제18호스팩', '엔에이치스팩13호', 'DB금융스팩7호', '유안타제5호스팩', '이베스트스팩5호', '신한제5호스팩', '교보10호스팩', '신영스팩5호', '엔에이치스팩17호', '에이치엠씨제4호스팩', 'IBKS제13호스팩', '상상인이안제2호스팩', 'IBKS제14호스팩', 'SK5호스팩', '신영스팩6호', '미래에셋대우스팩4호', '케이비제20호스팩', 'IBKS제12호스팩', '하나금융15호스팩', '하이제5호스팩', '유안타제6호스팩', '이베스트이안스팩1호', '교보8호스팩', '하나머스트제6호스팩', 'SK4호스팩', 'IBKS제10호스팩', '삼성스팩2호', '한국제7호스팩', '유안타제3호스팩', '케이프이에스제4호', '우리기술투자', '상상인이안1호스팩', '유진스팩4호', '한국제8호스팩', '엔에이치스팩14호', '교보9호스팩', '유안타제4호스팩', '삼성머스트스팩3호', '하이제4호스팩', '케이비제19호스팩', '유진스팩5호', '키움제5호스팩', '한화플러스제1호스팩', '케이비17호스팩', 'SK6호스팩', '엔에이치스팩15호', '엔에이치스팩16호', '대신밸런스제8호스팩', '대성창투', '미래에셋벤처투자', 'IBKS제11호스팩', 'SBI인베스트먼트', '나우IB', '미래에셋대우스팩 5호', '엠벤처투자']"
석유와가스,"['SK디스커버리', 'SK디스커버리우', 'S-Oil', 'SK이노베이션', '중앙에너비스', 'GS', '대한그린파워', '위즈코프', 'S-Oil우', 'GS우', '극동유화', '현대중공업지주', '에스아이리소스', '미창석유', '대성산업', '세원셀론텍', 'SK이노베이션우', '경동인베스트', '한국쉘석유', '흥구석유', '이아이디']"
도로와철도운송,"['천일고속', 'SK렌터카', '유성티엔에스', 'AJ네트웍스', '동양고속', '레드캡투어']"
백화점과일반상점,"['광주신세계', '세이브존I&C', 'JTC', '롯데쇼핑', '이마트', 'BGF리테일', '베뉴지', '대구백화점', '현대백화점', '신세계', 'GS리테일', 'BGF']"
담배,['KT&G']
컴퓨터와주변기기,"['주연테크', '메디프론', '에이텍', '에이텍티앤', '파커스', '아이디피', '에이루트', '푸른기술', '디지아이', '센트럴인사이트', '딜리', '한프', '엠젠플러스', '잉크테크', '빅솔론', '우리로', '씨아이테크', '한국정보공학', '피씨디렉트', '케이씨티']"
교육서비스,"['UCI', '이퓨쳐', '메가스터디교육', '디지털대성', '멀티캠퍼스', '정상제이엘에스', '메가스터디', '로보티즈', '청담러닝', '비상교육', '더블유에프엠', '대교우B', '씨엠에스에듀', '대교', '로보로보', '아이스크림에듀', 'NE능률', 'YBM넷', '메가엠디', '웅진씽크빅']"
건축자재,"['쌍용양회우', '삼일씨엔에스', '성신양회우', 'LG하우시스', '한솔홈데코', 'SG', 'LG하우시스우', '동양파일', '케이씨씨글라스', '동양', '동화기업', '동양우', '일신석재', '한일현대시멘트', '노루홀딩스우', '벽산', '이엑스티', '삼표시멘트', '이건산업', '넥스트사이언스', '동양2우B', '강남제비스코', '라이온켐텍', '센트럴바이오', '한일홀딩스', '성신양회', '노루홀딩스', '동양3우B', '부산산업', '서산', '노루페인트', '고려시멘트', '삼화페인트', '유진기업', 'KCC', '홈센타홀딩스', '한일시멘트', '보광산업', '조광페인트', '유니온', '모헨즈', '아세아시멘트', '노루페인트우', '쌍용양회', '에스와이']"
"호텔,레스토랑,레저","['노랑풍선', '디딤', '하나투어', '모두투어', '강원랜드', '시공테크', '남화산업', '아난티', '해마로푸드서비스', 'GKL', '호텔신라', '신세계푸드', '참좋은여행', '호텔신라우', 'MP그룹', '서부T&D', '파라다이스', '롯데관광개발', '이월드', '세중', '용평리조트']"
복합기업,"['SK네트웍스우', 'SK우', 'SK', '두산', 'SK네트웍스', 'LG', 'CJ', 'CJ4우(전환)', '두산2우B', '두산우', 'LG우', 'CJ우', '삼성물산우B', '웅진', '삼성물산', '효성']"
디스플레이장비및부품,"['인지디스플레', '케이피에스', '오성첨단소재', '루미마이크로', '한송네오텍', '엘이티', '아바코', '아이엠이연이', '인베니아', '휘닉스소재', '야스', '영우디에스피', '힘스', '루멘스', '한솔테크닉스', '티엘아이', '디이엔티', '세미콘라이트', '이라이콤', 'GRT', '티로보틱스', '케이맥', '신화인터텍', '에스엔유', '에프엔에스테크', '아바텍', '엘디티', '삼진엘앤디', '신도기연', '제이엠티', '새로닉스', 'HB테크놀러지', '우리이앤엘', '선익시스템', '아이씨디', '파인텍', '위지트', 'DMS', '포인트엔지니어링', '엘엠에스', '코이즈', '미래나노텍', '실리콘웍스', '토비스', '브이원텍', '아이엘사이언스', '제이스텍', '파인디앤씨', '유아이디', '에이아이비트', '지스마트글로벌', '넥스트아이', '디에스케이', '덕산테코피아', '비아트론', '유양디앤유', '이큐셀', '케이엔제이', '매직마이크로', '천보', 'APS홀딩스', 'AP시스템', '디아이티', '동아엘텍', '엘아이에스', '로체시스템즈', '예선테크', '세진티에스', 'SK머티리얼즈', '디바이스이엔지', '라이브파이낸셜', '엘티씨', '참엔지니어링', '쎄미시스코', '서울반도체', '제이엠아이', '베셀', '탑엔지니어링', '한국컴퓨터', '핌스', '톱텍', '와이엠씨', '서울바이오시스', 'GV', '이엘피', '아나패스', '필옵틱스', '덕산네오룩스', '금호전기', '미래컴퍼니', '아이컴포넌트', '상보', '우리조명', '우리바이오']"
상업서비스와공급품,"['이지웰', '제넨바이오', 'KTis', 'SCI평가정보', 'NICE', 'KTcs', '에스원', '아이마켓코리아', 'NICE평가정보', '이크레더블', '사람인에이치알', '인선이엔티', '한국기업평가', '나이스디앤비', '고려신용정보', '한국코퍼레이션', '효성ITX', '코엔텍', '나이스정보통신', '자연과환경', '누리플랜']"
"섬유,의류,신발,호화품","['골드퍼시픽', '형지엘리트', '브랜드엑스코퍼레이션', '젬백스링크', 'F&F', '신원우', '메타랩스', '전방', '진도', '제로투세븐', '지엔코', 'LS네트웍스', '에스티오', '영원무역홀딩스', '삼양통상', '코오롱머티리얼', '한세엠케이', '일신방직', '효성티앤씨', '아가방컴퍼니', '화승엔터프라이즈', '제이에스코퍼레이션', '더네이쳐홀딩스', '경방', '인디에프', '이스트아시아홀딩스', '신세계인터내셔날', '우노앤컴퍼니', '아즈텍WB', '조광피혁', '방림', '그리티', '대원화성', '신성통상', '대현', '성안', 'BYC', '원풍물산', 'SG세계물산', '한세예스24홀딩스', '백산', '디케이앤디', '쌍방울', '배럴', '영원무역', '신원', '유니켐', '신영와코루', '제이에스티나', '휴비스', 'BYC우', '리노스', '까스텔바작', '대한방직', '덕성우', '호전실업', '비티원', '형지I&C', '좋은사람들', '코데즈컴바인', 'DI동일', 'LF', '휠라홀딩스', '코웰패션', '에스제이그룹', '태평양물산', '한섬', '패션플랫폼', '화승인더', '덕성', '윌비스', '토박스코리아', '한세실업', '크리스에프앤씨', 'TBH글로벌', '비비안', '웰바이오텍', '국동']"
복합유틸리티,"['지역난방공사', 'KG ETS']"
건축제품,"['국영지앤엠', '남선알미우', '프럼파스트', '금강공업우', '이건홀딩스', '정산애강', '뉴보텍', '와토스코리아', '다스코', '제일테크노스', '덕신하우징', '대림B&Co', '금강공업', '대림통상', '윈하이텍', '삼목에스폼', '남선알미늄', 'W홀딩컴퍼니']"
가정용기기와용품,"['자이글', '신성델타테크', '파세코', '신일전자', '경동나비엔', 'PN풍년', '엔바이오니아', '하츠', '위닉스', '쿠쿠홀딩스', '코웨이', '행남사', '한독크린텍', '위니아딤채', '오텍', '유진로봇', '쿠쿠홈시스', '부방']"
음료,"['무학', '흥국에프엔비', '진로발효', '롯데칠성우', '하이트진로홀딩스', '하이트진로', '하이트진로2우B', '롯데칠성', '국순당', '네이처셀', '창해에탄올', '풍국주정', 'MH에탄올', '하이트진로홀딩스우', '보해양조']"
핸드셋,"['우주일렉트로', '크루셜텍', '이즈미디어', '나노스', '액트로', '하이비젼시스템', '장원테크', '와이솔', '와이팜', '유티아이', '세경하이테크', '상신이디피', '파인테크닉스', '덕우전자', '바이오로그디바이스', 'AP위성', '동운아나텍', '멜파스', 'KH바텍', '육일씨엔에쓰', '엔피디', '알에프세미', '코아시아', '디지탈옵틱', '에스에이티', '아모텍', '영풍', '서원인텍', '에이치엔티', '디오스텍', '하이소닉', '아이엠텍', '캠시스', '해성옵틱스', 'EMW', '디스플레이텍', '성우전자', '일야', '이랜텍', '이엠앤아이', '재영솔루텍', '엠씨넥스', '엑스큐어', '디자인', '에스코넥', '유아이엘', '엘컴텍', '나무가', '파트론', '디케이티', '유테크', '앤디포스', '인포마크', '모베이스', '블루콤', '코렌', '드림텍', '와이제이엠게임즈', '알에프텍', '이미지스', '인탑스', '시노펙스', '슈피겐코리아', '에스맥', '이엠텍', '노바텍', '코스나인', '한일진공']"
제약,"['한국파마', '비씨월드제약', '브릿지바이오테라퓨틱스', '이연제약', '메디포럼제약', '위더스제약', '바이온', '삼천당제약', 'JW중외제약우', '진양제약', '대한뉴팜', 'KPX생명과학', '신풍제약', 'SK바이오팜', '동화약품', 'JW중외제약2우B', '대성미생물', '서울제약', '유유제약2우B', '삼일제약', 'CMG제약', '대한약품', '경보제약', '코스맥스비티아이', '휴온스', '제일바이오', '유유제약', '유한양행', '이글벳', '아미노로직스', '코오롱생명과학', '카이노스메드', '삼아제약', '환인제약', '일동홀딩스', '에스씨엠생명과학', '유한양행우', '제일약품', '종근당바이오', '메드팩토', '보령제약', '현대약품', '일양약품우', '셀트리온', '동국제약', '셀트리온제약', '대원제약', '종근당홀딩스', '셀트리온헬스케어', '하이텍팜', '안트로젠', '에이프로젠제약', 'JW홀딩스', '콜마비앤에이치', '메지온', '하나제약', '일성신약', '삼성제약', '동성제약', '삼진제약', '신풍제약우', '유나이티드제약', '화일약품', '대화제약', 'JW신약', '대봉엘에스', '지트리비앤티', '옵티팜', '내츄럴엔도텍', '파마리서치프로덕트', 'JW생명과학', '일동제약', '알리코제약', '티움바이오', '신신제약', '씨티씨바이오', '한독', '한미약품', '휴메딕스', '중앙백신', 'JW중외제약', '유유제약1우', '대웅', '부광약품', '조아제약', '경남제약', '에이치엘사이언스', '제일파마홀딩스', '우진비앤지', '대웅제약', '광동제약', '드림씨아이에스', '한미사이언스', '종근당', '큐브앤컴퍼니', '진바이오텍', '경동제약', '삼성바이오로직스', '녹십자', '국제약품', '동구바이오제약', '에이프로젠 H&G', '녹십자웰빙', '안국약품', '명문제약', '녹십자홀딩스', '디에이치피코리아', '노바렉스', '일양약품', '동아에스티', '신일제약', '에스텍파마', '한올바이오파마', '코미팜', '뉴트리', '퓨쳐켐', '팜스빌', '휴온스글로벌', '고려제약', '압타바이오', '이수앱지스', '비피도', '바이넥스', '동아쏘시오홀딩스', '씨케이에이치', '박셀바이오', '우리들제약', '지엘팜텍', '테라젠이텍스', '영진약품', '코스맥스엔비티', '에스티팜', '넥스트BT', '엔지켐생명과학', '녹십자홀딩스2우', '한국유니온제약', '에이치엘비생명과학']"
가정용품,"['비비씨', '태양', '케이엠제약', '삼정펄프', '메디앙스', '경남바이오파마', '모나리자']"
레저용장비와제품,"['손오공', '이녹스', '헝셩그룹', '골프존뉴딘홀딩스', '삼천리자전거', '삼익악기', '오로라', '엔에스엔', '알톤스포츠', '라이브플렉스']"
해운사,"['KSS해운', '태웅로직스', '팬오션', '하이골드3호', '바다로19호', '흥아해운', '하이골드12호', '대한해운', 'HMM', '와이엔텍']"
포장재,"['삼광글라스', '삼륭물산', '한국팩키지', '엠투엔', '동원시스템즈', '아세아', '금비', '동원시스템즈우', '원림', '승일', '대영포장', '대양제지', '세하', '대림제지', '연우', '신대양제지', '한국수출포장', '락앤락', '삼양패키징', '삼화왕관', '대륙제관', '펌텍코리아', '아세아제지', '태림포장', '삼보판지', '율촌화학', '한창제지', '신풍제지']"
기타,"['메디안디노스틱', '이비테크', '다원넥스뷰', '비플라이소프트', '럭스피아', '루켄테크놀러지스', '나라소프트', '엔에스엠', '에스에이티이엔지', '애드바이오텍', '대주이엔티', '옐로페이', '태양기계', 'TIGER 200에너지화학레버리지', 'QV 화학 TOP5 ETN', '씨앤에스링크', '씨앗', '삼성 화학 테마주 ETN', '툴젠', '미래에셋 레버리지 S&P500 ETN(H)', '삼성 레버리지 구리 선물 ETN(H)', '진코스텍', 'TRUE 레버리지 천연가스 선물 ETN(H)', '신한 레버리지 다우존스지수 선물 ETN(H)', '신한 레버리지 구리 선물 ETN', '삼성 레버리지 천연가스 선물 ETN B', '바이옵트로', 'TIGER 200 에너지화학', 'TRUE 레버리지 S&P500 선물 ETN(H)', '한중엔시에스', 'TRUE 레버리지 나스닥 100 ETN', '삼성 건축자재 테마주 ETN', 'QV 의료 TOP5 ETN', '엘리비젼', '신한 레버리지 천연가스 선물 ETN', 'KODEX 에너지화학', 'KBSTAR 200에너지화학', '신한 레버리지 S&P500 선물 ETN', '삼성 미국 중소형 가치주 ETN(H)', '신한 레버리지 천연가스 선물 ETN(H)', '신한 구리 선물 ETN(H)', 'QV 레버리지 S&P500 ETN', 'TIGER 미국S&P500레버리지(합성 H)', '테크트랜스', 'KBSTAR 미국S&P원유생산기업(합성 H)', '미코바이오메드', 'KODEX 미국러셀2000(H)', '데이드림엔터', '삼성 레버리지 은 선물 ETN(H)', 'KODEX 구리선물(H)', '미래에셋 미국 항공우주 ETN(H)', '바이오인프라생명과학', '신한 다우존스지수 선물 ETN(H)', 'KODEX 미국S&P바이오(합성)', '삼성 미국 대형 가치주 ETN(H)', 'KODEX 미국FANG플러스(H)', '삼성 미국 대형 가치주 ETN', '신한 천연가스 선물 ETN(H)', '삼성 레버리지 천연가스 선물 ETN', 'KBSTAR 200철강소재', 'ARIRANG 미국다우존스고배당주(합성 H)', '신한 레버리지 은 선물 ETN(H)', 'KINDEX S&P아시아TOP50', 'KODEX 미국나스닥100선물(H)', 'TIGER 증권', 'TIGER 인도니프티50레버리지(합성)', 'TIGER 미국나스닥바이오', 'KBSTAR 수출주', 'TIGER KRX2차전지K-뉴딜', '미래에셋 미국 대형주 ETN(H)', 'KODEX 2차전지산업', 'TIGER 농산물선물Enhanced(H)', 'KODEX 미국S&P산업재(합성)', '삼성 KTOP30 ETN', 'TIGER 금속선물(H)', 'TIGER 미국S&P500선물(H)', 'KODEX 미국S&P500선물(H)', 'ARIRANG 미국S&P500(H)', 'TIGER 코스피중형주', 'TIGER 200 철강소재', 'KODEX 운송', '에스엘에스바이오', '삼성 미국 대형 성장주 ETN', 'TIGER 베타플러스', '스템랩', 'TIGER 의료기기', 'KINDEX 인도네시아MSCI(합성)', 'KODEX 3대농산물선물(H)', 'QV 운송 TOP5 ETN', 'TIGER 미국나스닥100', 'TIGER 일본엔선물인버스2X', 'TIGER 지주회사', '삼성 모멘텀 탑픽 ETN', 'TRUE 나스닥 100 ETN', 'KODEX 철강', 'TRUE 레버리지 유로스탁스50 ETN(H)', 'TIGER 200 산업재', 'KINDEX 일본TOPIX레버리지(H)', '안지오랩', '라이프사이언스테크놀로지', '삼성 미국 대형 성장주 ETN(H)', '미래에셋 미국 헬스케어 ETN(H)', 'KBSTAR 200산업재', '메디젠휴먼케어', 'KBSTAR 중소형모멘텀밸류', 'KODEX 증권', 'KINDEX 미국S&P500', 'TIGER 구리실물', 'TIGER 미국S&P500', 'ARIRANG 미국나스닥기술주', 'KINDEX 배당성장', 'KODEX 200동일가중', 'QV 미국 IT TOP5 ETN(H)', '미래에셋 Q150 Core5 ETN', 'KBSTAR 미국장기국채선물인버스2X(합성 H)', 'HANARO 글로벌럭셔리S&P(합성)', 'KBSTAR 중국MSCI China선물(H)', '파워 고배당저변동성', 'TIGER 차이나CSI300', 'KODEX 은선물(H)', 'KODEX Fn멀티팩터', 'KINDEX 미국IT인터넷S&P(합성 H)', 'KODEX MSCI KOREA ESG유니버설', 'TIGER 글로벌4차산업혁신기술(합성 H)', 'KBSTAR 200고배당커버드콜ATM', 'KBSTAR 코스피ex200', 'TIGER 배당성장', '이노벡스', 'TIGER 대형가치', 'KODEX 미국S&P에너지(합성)', 'TIGER 미국MSCI리츠(합성 H)', '대신 2X 아연선물 ETN(H)', '미래에셋 호주 ASX200 ETN(H)', 'KODEX 200 중소형', 'TIGER 여행레저', 'KODEX 콩선물(H)', 'SMART 선진국MSCI World(합성 H)', 'ARIRANG ESG우수기업', 'KBSTAR 중소형고배당', '대신 아연선물 ETN(H)', 'KBSTAR 중소형모멘텀로우볼', '신한 은 선물 ETN(H)', '무진메디', 'KODEX 글로벌4차산업로보틱스(합성)', '대신 인버스 철광석 선물 ETN(H)', 'KODEX 배당성장', 'KBSTAR 미국장기국채선물인버스(H)', '오션스톤', 'KBSTAR 글로벌4차산업IT(합성 H)', '신한 콩 선물 ETN(H)', 'TIGER KRX BBIG K-뉴딜', '대신 2X 니켈선물 ETN(H)', 'ARIRANG 글로벌MSCI(합성 H)', 'ARIRANG 심천차이넥스트(합성)', 'ARIRANG KRX300IT', '에프앤가이드', 'KOSEF 인도Nifty50(합성)', 'TIGER 2차전지테마', 'TIGER 일본엔선물인버스', 'TIGER KRX바이오K-뉴딜', '신한 옥수수 선물 ETN(H)', 'TIGER 이머징마켓MSCI레버리지(합성 H)', 'KINDEX 필리핀MSCI(합성)', 'TIGER 미국다우존스30', 'ARIRANG 코스피중형주', '마이티 코스피100', 'TIGER LG그룹+펀더멘털', 'KINDEX 일본Nikkei225(H)', 'KODEX 밸류Plus', 'QV 에너지 TOP5 ETN', '라온테크', 'KODEX 중국본토CSI300', 'KODEX 미국달러선물인버스2X', 'FOCUS ESG리더스', 'KOSEF 고배당', 'ARIRANG 고배당주', 'KODEX 선진국MSCI World', '미래에셋 미디어엔터 Core5 ETN', 'TIGER 200 생활소비재', '대신 니켈선물 ETN(H)', '이도바이오', '디피코', 'KODEX TRF7030', '신한 인버스 2X 미국달러 선물 ETN', 'KODEX 200롱코스닥150숏선물', 'TIGER KRX인터넷K-뉴딜', 'TIGER 미국달러선물인버스2X', '프로테옴텍', 'KOSEF Fn중소형', 'KOSEF 저PBR가중', 'KOSEF 미국달러선물인버스2X', 'KODEX 골드선물인버스(H)', 'KB FnGuide 언택트 ETN', 'ARIRANG 선진국MSCI(합성 H)', 'TIGER 유로스탁스레버리지(합성 H)', 'TRUE 섹터탑픽 ETN', 'TIGER KRX300레버리지', '파워 코스피100', 'KBSTAR 200생활소비재', 'KBSTAR KRX300레버리지', 'HANARO 농업융복합산업', 'ARIRANG 코스피TR', '삼성 Cushing 에너지인프라 MLP ETN', 'KODEX MSCI EM선물(H)', 'TIGER MSCI KOREA ESG리더스', '삼성 화장품 테마주 ETN', 'ARIRANG 중형주저변동50', 'TIGER 중소형', 'TREX 펀더멘탈 200', 'KBSTAR 코스닥150선물인버스', 'TIGER 은행', '유엑스엔', 'KODEX 기계장비', 'TIGER 200커버드콜5%OTM', 'KODEX 미국S&P고배당커버드콜(합성 H)', 'ARIRANG 신흥국MSCI(합성 H)', 'TRUE 인버스 2X HSCEI ETN(H)', '한국ANKOR유전', 'KODEX KRX300레버리지', 'ARIRANG KS로우사이즈가중TR', 'TIGER S&P글로벌인프라(합성)', 'KODEX 고배당', 'TIGER 중소형가치', 'KODEX 심천ChiNext(합성)', 'ARIRANG KRX300헬스케어', 'KBSTAR 팔라듐선물인버스(H)', 'TIGER 200 금융', '에이비온', 'TIGER 글로벌자원생산기업(합성 H)', 'KINDEX 멕시코MSCI(합성)', 'TIGER 일본니케이225', 'KINDEX 스마트하이베타', 'KINDEX 스마트모멘텀', 'TIGER 코스피', 'KBSTAR 헬스케어', 'KODEX 헬스케어', 'KBSTAR 200건설', 'ARIRANG 200동일가중', 'TIGER 일본TOPIX(합성 H)', 'TIGER 중소형성장', 'HANARO KRX300', 'KINDEX 미국WideMoat가치주', 'QV 인버스 레버리지 WTI원유 선물 ETN(H)', 'TIGER S&P글로벌헬스케어(합성)', 'SMART KRX300', 'KODEX 200IT TR', 'QV 내수소비 TOP5 ETN', 'KOSEF 블루칩', '미래에셋 중국 심천 100 ETN', 'KINDEX 밸류대형', 'KODEX 퀄리티Plus', '마이티 200커버드콜ATM레버리지', 'KINDEX 코스피', 'KODEX 삼성그룹밸류', 'TRUE 레버리지 HSCEI ETN(H)', 'TIGER 로우볼', 'TIGER 200커버드콜ATM', '신한 인버스 2X WTI원유 선물 ETN(H)', '삼성 레버리지 금 선물 ETN(H)', 'KINDEX 삼성그룹섹터가중', 'KBSTAR 200금융', '유니포인트', 'TIGER 우선주', '미래에셋 원자재 선물 ETN(H)', 'KOSEF 미국달러선물인버스', 'TIGER 중국소비테마', 'KODEX 미국채울트라30년선물인버스(H)', 'TIGER 200 중공업', 'KINDEX 레버리지', 'KODEX 배당성장채권혼합', 'TIGER 코스피고배당', 'KODEX China H선물인버스(H)', 'KOSEF KRX100', 'TIGER 우량가치', 'KBSTAR 200선물레버리지', '휴럼', '뿌리깊은나무들', '삼성 인버스 2X 금 선물 ETN(H)', 'TIGER 삼성그룹펀더멘털', '베트남개발1', 'TIGER 경기방어', 'TIGER 유로스탁스배당30', 'KODEX MSCI Korea TR', 'ARIRANG KS모멘텀가중TR', '미래에셋 인버스 원유선물혼합 ETN(H)', '래몽래인', 'KODEX KTOP30', 'TIGER 200 헬스케어', 'KBSTAR V&S셀렉트밸류', 'KODEX IT', 'ARIRANG KS로우볼가중TR', 'KBSTAR 5대그룹주', 'KBSTAR 우량업종', 'KBSTAR 헬스케어채권혼합', 'KBSTAR KQ고배당', 'TIGER MSCI KOREA ESG유니버설', 'QV KTOP30 ETN', '신한 인버스 달러인덱스 선물 ETN(H)', '제노텍', 'KODEX 미국달러선물인버스', 'KINDEX 스마트퀄리티', 'KODEX 배당가치', 'KB KRX300 ETN', 'KOSEF 200선물인버스', 'KODEX 은행', 'TIGER 유로스탁스50(합성 H)', 'KBSTAR IT플러스', 'KODEX TRF5050', 'KODEX 코스피TR', 'KBSTAR 주식혼합', '에스제이켐', 'ARIRANG 코스피', 'KODEX MSCI모멘텀', 'KBSTAR 200중공업', 'TIGER 200 건설', '한국패러랠', 'KINDEX 스마트밸류', 'TIGER 헬스케어', 'KINDEX 골드선물 레버리지(합성 H)', 'ARIRANG 고배당주채권혼합', 'KBSTAR 코스피', 'TIGER 레버리지', 'ARIRANG 스마트베타Quality채권혼합', 'TIGER 대형성장', 'KODEX TRF3070', '삼성 레저 테마주 ETN', '삼성 인버스 2X WTI원유 선물 ETN', '도부마스크', 'TIGER KTOP30', 'ARIRANG 고배당저변동50', 'KOSEF 배당바이백Plus', 'KODEX 필수소비재', 'KBSTAR KRX300', 'FOCUS KRX300', 'KINDEX 스마트로우볼', 'KODEX 건설', 'KINDEX 삼성그룹동일가중', 'ARIRANG 주도업종', 'TIGER 부동산인프라고배당', 'ARIRANG KS밸류가중TR', 'KBSTAR 중국본토대형주CSI100', 'KOSEF 코스닥150선물인버스', 'TIGER 200TR', 'KBSTAR 내수주플러스', '신한 금 선물 ETN(H)', 'KODEX 삼성그룹', 'KODEX MSCI Korea', 'KBSTAR ESG사회책임투자', 'HANARO 200TR', 'ARIRANG KS퀄리티가중TR', '신한 브렌트원유 선물 ETN(H)', 'TRUE 코스피 커버드콜 ETN B', 'TIGER 코스닥150선물인버스', 'SMART 200TR', 'TIGER 모멘텀', 'KODEX 200가치저변동', 'KBSTAR V&S셀렉트밸류채권혼합', 'ARIRANG 200선물레버리지', 'KODEX 200exTOP', 'QV 조선 TOP5 ETN', 'ARIRANG KRX300', '신한 WTI원유 선물 ETN(H)', 'KODEX 레버리지', 'TIGER 차이나CSI300레버리지(합성)', 'TRUE 인버스 유로선물 ETN B', '틸론', 'HANARO 200선물레버리지', 'KODEX 혁신기술테마액티브', '미래에셋 미국 리츠 ETN(H)', 'TIGER 화장품', 'KODEX 다우존스미국리츠(H)', 'TRUE 인버스 HSCEI ETN(H) B', 'KINDEX 200TR', '파워 200', 'KBSTAR 채권혼합', 'KODEX WTI원유선물인버스(H)', 'HANARO MSCI Korea TR', 'HANARO 코스닥150', 'KOSEF 200 선물', 'KOSEF 코스피100', 'SMART 중국본토 중소형 CSI500(합성 H)', '유투바이오', 'KODEX 코스피100', 'KODEX 코스닥150선물인버스', 'KODEX 200TR', 'KBSTAR 국채선물10년인버스', '미래에셋 인버스 미디어엔터 Core5 ETN', 'KOSEF 200', 'KINDEX 미국다우존스리츠(합성 H)', 'KODEX 모멘텀Plus', 'TIGER 200선물레버리지', 'HANARO 200', 'KOSEF 200TR', 'KODEX 코스피대형주', 'KINDEX 200', 'ARIRANG 코스닥150', 'TIGER 방송통신', 'KOSEF 200선물레버리지', 'TIGER 코스닥150바이오테크', 'TIGER KRX300', 'KODEX 한국대만IT프리미어', 'KODEX Fn성장', 'KBSTAR KRX국채선물3년10년스티프너2X', '삼성 음식료 테마주 ETN', 'TIGER 200', 'KODEX 코스피', 'ARIRANG 코스닥150선물인버스', 'TREX 200', 'KBSTAR 모멘텀밸류', 'KBSTAR 고배당', 'ARIRANG S&P글로벌인프라', 'KBSTAR 차이나H선물인버스(H)', 'KBSTAR 미국고정배당우선증권ICE TR', 'TIGER AI코리아그로스액티브', '신한 인버스 WTI원유 선물 ETN(H)', '신한 코스피 콘도르 6/10% ETN', '삼성 인버스 China A50 선물 ETN(H)', 'HANARO 200선물인버스', 'TIGER MSCI Korea TR', 'KODEX 200', 'KODEX 국고채3년', 'KBSTAR KRX국채선물3년10년스티프너', 'KBSTAR 200TR', 'ARIRANG 200', 'KTOP 코스피50', 'KOSEF 단기자금', 'KBSTAR 중기우량회사채', 'KODEX 국채선물10년인버스', 'KBSTAR 단기국공채액티브', 'TIGER CD금리투자KIS(합성)', '관악산업', '유비온', '네추럴FNP', '엔지브이아이', 'TIGER 라틴35', 'KINDEX 국고채3년', '전우정밀', 'KOSEF 통안채1년', 'TIGER 원유선물Enhanced(H)', '마이다스 200커버드콜5%OTM', '청광건설', '위월드', 'KINDEX 인버스', '아이케이세미콘', '아퓨어스', 'KODEX 단기채권', 'TIGER 단기통안채', 'KINDEX 중국본토CSI300', '파워 중기국고채', '씨이랩', '코셋', 'KINDEX 단기통안채', '티케이씨', 'KBSTAR 단기통안채', '데이터스트림즈', '바이오프로테크', '메디쎄이', '볼빅', '에듀파트너', 'KODEX 단기채권PLUS', '흥국 S&P코리아로우볼', '썬테크', 'TIGER 차이나CSI300인버스(합성)', '에스케이씨에스', '엔에스컴퍼니', '엄지하우스', 'SGA클라우드서비스', '미애부', '에이원알폼', '씨알푸드', 'TIGER 경기방어채권혼합', '로보쓰리', 'ARIRANG 우량회사채50 1년', '인터코스', '이에스산업', '피엔아이컴퍼니', '굿센', 'KINDEX 코스닥(합성)', '엠에프엠코리아', 'TIGER 200동일가중', 'TIGER 200선물인버스2X', '시그넷이브이', '에스앤디', '앙츠', '이십일스토어', 'KBSTAR 코스닥150', '비엔에프코퍼레이션', 'KINDEX 중장기국공채액티브', 'KODEX 단기변동금리부채권액티브', 'KODEX MSCI밸류', 'KODEX MSCI퀄리티', 'TIGER 코스피대형주', '원바이오젠', 'ARIRANG 단기채권액티브', '바이오시네틱스', 'KBSTAR 국고채3년선물인버스', 'KODEX 국채선물3년인버스', 'KINDEX 국채선물10년인버스', 'KINDEX 국채선물3년인버스', '에스엠비나', 'TIGER 국채선물3년인버스', 'TIGER 국채선물10년인버스', 'TIGER 중장기국채선물인버스', 'TIGER 중장기국채선물인버스2X', '더콘텐츠온', 'HANARO 단기통안채', '테크엔', '티티씨디펜스', '노드메이슨', 'TIGER 골드선물(H)', '펨토바이오메드', '케어룸의료산업', '구스앤홈', '한국미라클피플사', 'KBSTAR 금융채액티브', 'TIGER KIS부동산인프라채권TR', '이노진', 'HANARO KAP초장기국고채', 'SMART KIS단기통안채', '신한 K200 USD 선물 바이셀 ETN', '신한 달러인덱스 선물 ETN(H)', '신한 코스피 콘도르 4/10% ETN', '신한 코스피 콘도르 4/10% 콜 2204-01 ETN', '신한 코스피 콘도르 6/10% 콜 2204-01 ETN', '신한 코스피 월별 양매도 3% OTM ETN', '신한 코스피 월별 양매도 5% OTM ETN', '신한 코스피 월별 양매도 3% 콜 2206-1 ETN', '신한 코스피 월별 양매도 5% 콜 2206-1 ETN', '대신 인버스 니켈선물 ETN(H)', '대신 골드 커버드콜 타겟 5%인컴 ETN(H)', '미래에셋 전기전자 Core5 ETN', '미래에셋 에너지화학 Core5 ETN', '미래에셋 미국 시니어론 100 ETN(H)', '미래에셋 미국 시니어론 100 ETN', '미래에셋 코스피 양매도 5% OTM ETN', '삼성 바이오 테마주 ETN', '삼성 미디어 테마주 ETN', '삼성 증권 테마주 ETN', '삼성 온라인쇼핑 테마주 ETN', '삼성 China A50 선물 ETN(H)', '삼성 미국 중소형 성장주 ETN(H)', '삼성 미국 중소형 성장주 ETN', '삼성 미국 중소형 가치주 ETN', '삼성 레버리지 WTI원유 선물 ETN', '삼성 Alerian 에너지인프라 MLP ETN', '삼성 코스피 풋매도 ETN', '삼성 코스피 양매도 5% OTM ETN', '삼성 코스피 풋매도 4% OTM ETN', 'QV Big Vol ETN', 'QV WISE 배당 ETN', 'QV 롱숏 K150 매수 로우볼 매도 ETN', 'QV 하드웨어 TOP5 ETN', 'QV CHINEXT ETN(H)', 'QV 스마트리밸런싱 260/4 ETN', 'QV 레버리지 WTI원유 선물 ETN(H)', 'QV 인버스 레버리지 10년 국채선물 ETN', 'QV MSCI 선진국 ETN', 'QV 인버스 MSCI 선진국 ETN', 'QV 코스피 양매도 5% OTM ETN', 'QV 코스피 변동성 매칭형 양매도 ETN', 'TRUE 빅5 동일가중 ETN', 'TRUE 코리아프리미어 ETN', 'TRUE 코스피 양매도 5% OTM ETN', 'TRUE 코스피 커버드풋 ETN B', 'TRUE 코스피 타겟볼20 ETN', 'TRUE 코스피 양매도 3% OTM ETN', 'TRUE 코스피 양매도 ATM ETN', 'TRUE 엔선물 ETN B', 'TRUE 인버스 엔선물 ETN B', 'TRUE 유로선물 ETN B', 'TRUE FTSE100 ETN', 'TRUE 유로스탁스50 양매도 5% OTM ETN(H)', 'TRUE S&P500 양매도 4% OTM ETN(H)', 'TRUE S&P500 선물 ETN', 'KB KTOP30 ETN', 'KB KQ 우량주30 ETN', 'KB 코스피 양매도 5% OTM ETN', 'KB 코스피 마운틴 ETN', 'KB Wise 분할매매 ETN', '미래에셋 유럽 대형주 ETN(H)', '미래에셋 유럽 중형주 ETN(H)', '미래에셋 일본 대형주 ETN(H)', '미래에셋 일본 중형주 ETN(H)', '미래에셋 미국 중형주 ETN(H)', '미래에셋 미국 고배당주 ETN(H)', '하나 코스피 변동성추세 추종 양매도 ETN', 'KBSTAR 국고채3년', 'KOSEF 국고채3년', 'KBSTAR 200', 'TIGER 단기채권액티브', 'KODEX 종합채권(AA-이상)액티브', 'KBSTAR KRX국채선물3년10년플래트너', '삼성 레버리지 China A50 선물 ETN(H)', 'KODEX 골드선물(H)', 'KBSTAR 모멘텀로우볼', 'ARIRANG 국채선물3년', 'TIGER 중장기국채', 'KINDEX 코스닥150', 'TIGER 국채3년', 'KODEX 국채선물10년', 'KODEX 최소변동성', 'TIGER TOP10', 'KODEX 200ESG', 'KINDEX KIS종합채권(AA-이상)액티브', 'KBSTAR 중장기국공채액티브', 'HANARO 고배당', 'ARIRANG 코스피50', 'KINDEX Fn성장소비주도주', 'KBSTAR 200선물인버스', 'KOSEF 코스닥150', 'HANARO e커머스', 'KBSTAR KRX국채선물3년10년플래트너2X', '대신 철광석 선물 ETN(H)', 'KBSTAR 200IT', '신한 인버스 금 선물 ETN(H)', 'KINDEX 일본TOPIX인버스(합성 H)', 'TIGER 가격조정', 'KBSTAR 국채선물10년', 'KODEX 멀티에셋하이인컴(H)', 'KOSEF 국고채10년', 'TIGER 일본TOPIX헬스케어(합성)', 'KOSEF 코스닥150선물', 'KBSTAR KRX300선물인버스', 'KBSTAR 대형고배당10TR', '미래에셋 원유선물혼합 ETN(H)', 'KODEX Top5PlusTR', 'KODEX TSE일본리츠(H)', 'TIGER 코스닥150', '에이치엔에스하이텍', '단디바이오', 'KODEX 장기종합채권(AA-이상)액티브KAP', '삼성 KRX 금현물 ETN', 'KODEX 200미국채혼합', 'KODEX KRX300', '나눔테크', 'KOSEF 코스닥150선물레버리지', 'HANARO 코스닥150선물레버리지', 'KODEX 인버스', 'TIGER 금은선물(H)', 'KINDEX 중국본토CSI300레버리지(합성)', 'ARIRANG 국채선물10년', 'QV 레버리지 10년 국채선물 ETN', 'KODEX FnKorea50', 'KODEX WTI원유선물(H)', 'KODEX S&P글로벌인프라(합성)', 'KBSTAR 게임테마', 'KC산업', 'TIGER 인버스', 'KOSEF 국고채10년레버리지', 'KBSTAR 200선물인버스2X', 'KODEX 200선물인버스2X', 'KBSTAR KRX300미국달러선물혼합', '대신 WTI원유 선물 ETN(H)', 'QV 건설 TOP5 ETN', 'TIGER 200 IT', 'TIGER 단기선진하이일드(합성 H)', 'TIGER 원유선물인버스(H)', 'TIGER 코스닥150IT', 'KODEX 보험', 'KBSTAR 팔라듐선물(H)', '선바이오', 'KODEX 코스닥 150', '질경이', 'KINDEX 싱가포르리츠', '신한 인버스 2X 금 선물 ETN', '듀켐바이오', '크로넥스', 'ARIRANG 200선물인버스2X', 'QV 제약 TOP5 ETN', 'KODEX 일본TOPIX100', 'KODEX 반도체', 'TIGER 현대차그룹+펀더멘털', 'KBSTAR 200경기소비재', 'KODEX 미국채울트라30년선물(H)', '지놈앤컴퍼니', 'QV 자동차 TOP5 ETN', 'KODEX 중국본토 A50', 'KODEX 바이오', '신한 레버리지 금 선물 ETN', '바이오코아', 'KODEX 코스닥150 레버리지', 'KBSTAR 200커뮤니케이션서비스', '플럼라인생명과학', 'QV 레버리지 MSCI 선진국 ETN', '이엠티', 'TIGER 코스닥150 레버리지', 'TIGER 미국채10년선물', '시큐센', 'KODEX 미국달러선물', '엠로', 'KOSEF 미국달러선물', 'TIGER 200IT레버리지', 'TIGER 200 경기소비재', 'TIGER 차이나항셍25', 'TIGER 소프트웨어', 'TIGER 미국달러단기채권액티브', '신한 인버스 브렌트원유 선물 ETN(H)', 'TIGER 200커뮤니케이션서비스', 'KBSTAR 차이나HSCEI(H)', 'KODEX 미국채10년선물', 'QV 바이오 TOP5 ETN', '엔솔바이오사이언스', 'TIGER 미디어컨텐츠', 'ARIRANG 미국장기우량회사채', '맵스리얼티1', 'KODEX China H 레버리지(H)', '미래에셋 글로벌 리츠 ETN(H)', 'KOSEF 200선물인버스2X', 'TIGER KRX게임K-뉴딜', 'KODEX China H', 'KODEX 경기소비재', '다이노나', 'TRUE 인버스 유로스탁스50 ETN(H) B', 'TIGER 반도체', 'KODEX 게임산업', '명진홀딩스', 'KODEX 자동차', 'TIGER 미국달러선물레버리지', 'KBSTAR 코스닥150선물레버리지', '신한 인버스 콩 선물 ETN(H)', '미래에셋 레버리지 원유선물혼합 ETN(H)', 'KODEX 미국달러선물레버리지', 'TIGER 차이나HSCEI', '신한 USD K200 선물 바이셀 ETN', 'KBSTAR 미국장기국채선물(H)', 'KODEX 미디어&엔터테인먼트', 'QV 소프트웨어 TOP5 ETN', 'TIGER K게임', 'KOSEF 미국달러선물레버리지', 'KBSTAR 미국장기국채선물레버리지(합성 H)', 'TIGER 일본엔선물', 'KINDEX 베트남VN30(합성)', 'TRUE 레버리지 엔선물 ETN B', 'KINDEX 러시아MSCI(합성)', 'KODEX 코스닥150롱코스피200숏선물', 'ARIRANG 미국단기우량회사채', '신한 인버스 옥수수 선물 ETN(H)', '신한 인버스 은 선물 ETN(H)', '골프존데카', 'TIGER 일본엔선물레버리지', '큐엠씨', '대동고려삼', '미래에셋 인버스 전기전자 Core5 ETN', 'QV 인버스 레버리지 MSCI 선진국 ETN', '대신 인버스 아연선물 ETN(H)', '신한 FnGuide 5G 테마주 ETN', '신한 레버리지 미국달러 선물 ETN', 'KINDEX 모닝스타싱가포르리츠채권혼합', '신한 인버스 다우존스지수 선물 ETN(H)', '원텍', '미래에셋 인버스 S&P500 ETN(H)', '피노텍', 'TIGER 미국S&P500선물인버스(H)', '에브리봇', 'TRUE 인버스 2X 유로스탁스50 ETN(H)', '대신 인버스 2X 니켈선물 ETN(H)', '신한 인버스 천연가스 선물 ETN(H)', '신한 레버리지 WTI원유 선물 ETN(H)', '파워풀엑스', 'TS트릴리온', '신한 인버스 구리 선물 ETN(H)', '에이펙스인텍', '셀젠텍', 'TRUE 인버스 나스닥 100 ETN', '삼성 인버스 2X 은 선물 ETN(H)', '삼성 S&P500 VIX S/T 선물 ETN(H) B', '탑선', '판도라티비', '신한 S&P500 VIX S/T 선물 ETN B', '신한 인버스 2X 은 선물 ETN(H)', 'QV S&P500 VIX S/T 선물 ETN B', '지앤이헬스케어', '파마리서치바이오', '이앤에치', '미래에셋 인버스 에너지화학 Core5 ETN', '신한 인버스 2X 다우존스지수 선물 ETN(H)', '지오씨', '신한 인버스 2X S&P500 선물 ETN', 'TRUE 인버스 2X S&P500 선물 ETN(H)', '삼성 인버스 2X 구리 선물 ETN(H)', 'TRUE 인버스 2X 나스닥 100 ETN', '신한 인버스 2X 천연가스 선물 ETN(H)', '신한 인버스 2X 구리 선물 ETN', 'TRUE 인버스 2X 천연가스 선물 ETN(H)', '폭스소프트', '삼성 인버스 2X 천연가스 선물 ETN', '신한 인버스 2X 천연가스 선물 ETN', 'QV 인버스 레버리지 S&P500 ETN', '삼성 인버스 2X 천연가스 선물 ETN B', '다이오진', '인카금융서비스', '피엔에이치테크', '빅텐츠', '엠앤씨생명과학', '휴벡셀', '에스엔피제네틱스', '파인이엠텍', '에스알바이오텍', '수프로', '엘에이티', '비엔디생활건강', '노브메타파마', '아이피몬스터']"
비철금속,"['DSR', '삼보산업', '케이피티유', '풍산', '태경비케이', '황금에스티', '삼아알미늄', '티플랙스', '그린플러스', '조일알미늄', '태경산업', '동국알앤에스', '풍산홀딩스', '조선내화', '한국내화', '대호에이엘', '현대비앤지스틸우', '대양금속', '쎄니트', '코센', '현대비앤지스틸', '제낙스', '제일연마', '일진다이아', '고려아연', '대창', '디씨엠', '파버나인', '국일신동', '이구산업', '피제이메탈', '서원', '알루코', '한창산업', '포스코강판']"
은행,"['DGB금융지주', 'BNK금융지주', '하나금융지주', 'JB금융지주', '제주은행', '기업은행', '우리금융지주', 'KB금융', '신한지주']"
식품,"['한성기업', '팜스코', '크라운해태홀딩스', '매일유업', '사조동아원', '윙입푸드', '크라운해태홀딩스우', '크라운제과우', '대한제당', '크라운제과', '해태제과식품', '사조오양', '선진', '현대사료', '롯데지주우', '롯데지주', '사조산업', '대주산업', '조흥', '엠에스씨', '대한제당우', '동원산업', '롯데제과', '한국맥널티', '서울식품우', '대한제분', '정다운', '샘표', '고려산업', '동우팜투테이블', 'CJ제일제당 우', 'CJ씨푸드1우', '샘표식품', '삼양식품', '삼양홀딩스우', '대상', '동서', '우성사료', '하림지주', '오뚜기', '신라교역', '우리손에프앤지', '팜스토리', '마니커', '이지홀딩스', '삼양사우', '체리부로', '하림', '마니커에프앤지', '대상우', '오리온홀딩스', '서울식품', '한일사료', '매일홀딩스', '동원수산', '신라에스지', '케이씨피드', '인산가', '한탑', '동원F&B', '농심', 'SPC삼립', '빙그레', '사조대림', '대상홀딩스우', 'CJ제일제당', '푸드웰', '롯데푸드', '남양유업', '풀무원', 'CJ씨푸드', '농심홀딩스', '삼양사', '미래생명자원', '대상홀딩스', '이지바이오', '우양', '푸드나무', '오리온', '삼양홀딩스', '사조씨푸드', '보락', '남양유업우']"
다각화된통신서비스,"['세종텔레콤', '한국정보통신', 'KT', '인스코비']"
IT서비스,"['비케이탑스', '솔트룩스', '수산아이앤티', '버킷스튜디오', '에스트래픽', '위세아이텍', '다날', '브리지텍', '케이엘넷', '미래아이앤지', '미래테크놀로지', '인포뱅크', '현대오토에버', 'DB', '인포바인', '대아티아이', '한네트', '한솔인티큐브', '포스코 ICT', '엔텔스', '우리들휴브레인', '티라유텍', '브레인콘텐츠', '케이아이엔엑스', '롯데정보통신', '이루온', '한일네트웍스', 'NHN한국사이버결제', '다우기술', '나무기술', '소프트센우', '비츠로시스', 'KG이니시스', '팍스넷', '아시아나IDT', '쌍용정보통신', '마크로밀엠브레인', '카페24', '세틀뱅크', '아이티센', '삼성에스디에스', '민앤지', '한국정보인증', '큐로컴', 'KG모빌리언스', 'SBI핀테크솔루션즈', '갤럭시아머니트리', '가비아', '한국전자금융', '데일리블록체인', '상상인', '신세계 I&C', '한국전자인증', '정원엔시스', '율호', '데이타솔루션', '이씨에스', '로지시스', '오파스넷', '링네트', '소프트센', '오픈베이스', '콤텍시스템', '케이씨에스', '유엔젤', '대신정보통신']"
소프트웨어,"['알티캐스트', '더존비즈온', '오상자이엘', 'SGA', '텔코웨어', '미디어젠', '플랜티넷', '모바일리더', '라온시큐어', '링크제니시스', '핸디소프트', '지니언스', '파수', '누리텔레콤', '이니텍', '시큐브', '엑셈', '네이블', '디지캡', '코닉글로리', '퓨전', '한컴위드', '아톤', '이글루시큐리티', '포시에스', '소프트캠프', '인프라웨어', '드림시큐리티', '비즈니스온', '휴네시온', '이스트소프트', '한컴MDS', '엔지스테크널러지', '키네마스터', '마이더스AI', 'SGA솔루션즈', '안랩', '에스에스알', '영림원소프트랩', '포비스티앤씨', '서호전기', '윈스', '웹케시', '한글과컴퓨터', '지란지교시큐리티', '알서포트', '카카오게임즈', '케이사인', '투비소프트']"
사무용전자제품,"['신도리코', '브이티지엠피']"
건설,"['까뮤이앤씨', '동신건설', '상지카일룸', '대원', '계룡건설', '한미글로벌', '진흥기업', '신세계건설', '이테크건설', 'KT서브마린', 'HDC아이콘트롤스', '한양이엔지', '금호산업', '금호산업우', '삼부토건', '한신공영', '코오롱글로벌우', '에쓰씨엔지니어링', '남광토건', '자이에스앤디', '우진아이엔에스', '희림', '한라', '진흥기업2우B', '대우건설', 'GS건설', '일진파워', '도화엔지니어링', 'HDC', '신원종합개발', '한국종합기술', '현대건설', '세보엠이씨', '일성건설', '삼호개발', '화성산업', 'KCC건설', '서희건설', '남화토건', '대림산업우', '이화공영', '동부건설우', '동원개발', '동부건설', '우원개발', '금화피에스시', '동아지질', 'HDC현대산업개발', '아이에스동서', '삼성엔지니어링', '코오롱글로벌', '범양건영', '대림건설', '대림산업', '국보디자인', '서한', '유신', '삼일기업공사', '현대건설우', '진흥기업우B', '특수건설', '태영건설', '티와이홀딩스', '웰크론', 'KD', '코리아에스이', '태영건설우', '티와이홀딩스우']"
광고,"['플레이디', '이엠넷', '이노션', '와이즈버즈', '오리콤', '에코마케팅', '제일기획', '지투알', '인크로스', '나스미디어', 'SM C&C']"
생물공학,"['팬젠', '셀리드', '큐리언트', '싸이토젠', '티앤알바이오팹', '애니젠', '진매트릭스', '오스코텍', '바이오니아', '차바이오텍', '압타머사이언스', '진원생명과학', '휴젤', '코아스템', '올릭스', '녹십자셀', '농우바이오', '유바이오로직스', '바이오리더스', '제노포커스', '아미코젠', '파멥신', '신라젠', '앱클론', '제넥신', '테고사이언스', '쎌바이오텍', '아시아종묘', '케어젠', '메디톡스', '프로스테믹스', '알테오젠', '펩트론', '바이오솔루션', '유틸렉스', '셀리버리', '에이비엘바이오', '서린바이오', '아이진', '헬릭스미스', '셀레믹스', '메디포스트', '강스템바이오텍']"
생명보험,"['한화', '한화3우B', '동양생명', '삼성생명', '한화생명', '미래에셋생명', '한화우']"
식품과기본식료품소매,"['보라티알', '현대코퍼레이션홀딩스', 'CJ프레시웨이', '신송홀딩스', '현대그린푸드', '한국가구', '지어소프트', '네오크레마']"
방송과엔터테인먼트,"['제이웨이', '소리바다', '에이스토리', 'NEW', '갤럭시아에스엠', '에프엔씨엔터', 'CJ CGV', '현대에이치씨엔', 'iMBC', '삼화네트웍스', '아이오케이', '스튜디오드래곤', '이스타코', 'SBS', '스카이라이프', '대원미디어', '엔케이물산', '바른손', '지니뮤직', '위지윅스튜디오', '판타지오', 'LG헬로비전', '한국경제TV', '애니플러스', 'SBS미디어홀딩스', '제이콘텐트리', '덱스터', '쇼박스', '씨씨에스', 'KNN', '키위미디어그룹', '레드로버', '이에스에이', '이매진아시아', '세기상사', 'IHQ', 'CJ ENM', '스튜디오산타클로스', 'SM Life Design', '큐로홀딩스', '티비씨', 'SBS콘텐츠허브', '바른손이앤에이', '키이스트', '초록뱀', 'NHN벅스', '큐브엔터', '팬엔터테인먼트', '에스엠', 'JYP Ent.', 'YG PLUS', '와이지엔터테인먼트', 'KMH', 'YTN']"
손해보험,"['메리츠화재', '흥국화재', '메리츠금융지주', '한화손해보험', '흥국화재2우B', '롯데손해보험', '삼성화재', '현대해상', '삼성화재우', '코리안리', '흥국화재우', 'DB손해보험']"
기타금융,"['메이슨캐피탈', 'CNH', '푸른저축은행', '한국캐피탈', '우리종금', '글로벌텍스프리', '아주캐피탈', '리드코프']"
반도체와반도체장비,"['신성이엔지', '시그네틱스', '오디텍', '타이거일렉', '마이크로컨텍솔', '아이에이네트웍스', '마이크로텍', 'KEC', '에이티세미콘', 'ISC', '텔레칩스', '픽셀플러스', '앤씨앤', '어보브반도체', '아이텍', 'WI', '티에스이', '피에스엠씨', '디아이', '코세스', '에이피티씨', '윈팩', '러셀', '제이티', '케이엠', '오션브릿지', '마이크로프랜드', '테라셈', '지니틱스', '에이팩트', '코미코', '프로텍', '피에스케이', '제주반도체', '케이씨텍', '코디엠', '메카로', '유니테스트', '엑시콘', '네오셈', '넥스틴', '피델릭스', '삼성전자우', '한국전자홀딩스', '예스티', '테크윙', '해성디에스', '케이씨', '네온테크', 'DB하이텍1우', '나인테크', '하나마이크론', '원익홀딩스', 'SFA반도체', '엘비세미콘', '바른전자', '에스모 머티리얼즈', '디엔에프', '씨앤지하이테크', '솔브레인', '에이디테크놀로지', '에스티아이', '삼성전자', 'SKC 솔믹스', '유진테크', '인텍플러스', '유니트론텍', '뉴파워프라즈마', '한미반도체', '아이원스', '주성엔지니어링', '성도이엔지', 'SK하이닉스', '아진엑스텍', '제너셈', '동진쎄미켐', '싸이맥스', '덕산하이메탈', '원익QnC', '이오테크닉스', '큐에스아이', '알파홀딩스', '엠케이전자', '티씨케이', '월덱스', '램테크놀러지', '원익IPS', '에프에스티', 'GST', '서플러스글로벌', '유니셈', 'DB하이텍', '네패스', '성우테크론', '유니퀘스트', '엔시트론', '피에스케이홀딩스', '미래산업', '에스앤에스텍', '한양디지텍', 'KMH하이텍', '와이아이케이', '엑사이엔씨', '제우스', '젬백스', '다믈멀티미디어', '엘오티베큠', '테스', '리노공업', '미코', '테스나', '하나머티리얼즈', '기가레인', '시스웍', '솔브레인홀딩스', '칩스앤미디어', '오킨스전자']"
인터넷과카탈로그소매,"['아이에스이커머스', '이상네트웍스', 'GS홈쇼핑', '현대홈쇼핑', '지와이커머스', '포티스', '다나와', 'KTH', '인터파크', '코리아센터', '엔에스쇼핑', '예스24']"
전자장비와기기,"['모아텍', 'ITX-AI', '인콘', '우리기술', '대주전자재료', '슈프리마에이치큐', '유니온커뮤니티', '삼화전자', '심텍', '심텍홀딩스', '자화전자', '이랜시스', '세코닉스', '에스에이엠티', '인터엠', '비에이치', '아이디스홀딩스', '액트', '일진머티리얼즈', '바이오스마트', '대덕전자', '인터플렉스', '광전자', '대덕', '다원시스', '에스텍', '대덕전자1우', '제이앤티씨', '윈텍', '아이엠', '백금T&A', '에스티큐브', '코텍', '고영', '삼양옵틱스', '대동전자', '코나아이', '삼성전기우', 'S&K폴리텍', '씨엔플러스', '에스디시스템', '코리아써우', '모비스', '옵트론텍', '아래스', 'LG이노텍', '에이엔피', '코너스톤네트웍스', '아이디스', '두산솔루스1우', '코리아써키트2우B', '슈프리마', '비덴트', '아이티엠반도체', '아모그린텍', '디티앤씨', '라온피플', '두산솔루스', '슈프리마아이디', '에이프로', '에이치시티', '와이엠티', '대덕1우', '현우산업', '이그잭스', '동일기연', '이녹스첨단소재', '코리아써키트', '삼성전기', '아이씨케이', '이수페타시스', '파크시스템스', '두산솔루스2우B', '매커스', '써니전자', '옴니시스템', '엠투아이', '상신전자', '뉴프렉스', '남성', '카스', '이트론', '모다이노칩', '디에이피', '제이씨현시스템']"
운송인프라,"['선광', '토탈소프트', '맥쿼리인프라', '한국공항']"
무역회사와판매업체,"['현대상사', 'GS글로벌', 'EG', '포스코인터내셔널', 'LG상사', 'STX']"
무선통신서비스,"['LG유플러스', 'SK텔레콤', '전파기지국', '신라섬유']"
전문소매,"['씨유메디칼', '도이치모터스', '포스링크', '롯데하이마트']"
우주항공과국방,"['켄코아에어로스페이스', '솔트웍스', '하이즈항공', '퍼스텍', '아이쓰리시스템', '이디티', '한화시스템', '샘코', '한국항공우주', '휴니드', '쎄트렉아이', 'LIG넥스원', '한화에어로스페이스', '아스트', '빅텍', '오르비텍']"
조선,"['동방선기', '삼성중공우', '세진중공업', '한국카본', '삼강엠앤티', '메디콕스', '상상인인더스트리', '대우조선해양', '대양전기공업', '케이에스피', '에스앤더블류', '오리엔탈정공', '현진소재', '해덕파워웨이', '삼성중공업', '현대미포조선', '인화정공', 'HSD엔진', 'STX중공업', 'STX엔진', '한라IMS', '삼영이엔씨', '한국조선해양', '한진중공업', '에이치엘비', '케이프']"
건강관리기술,"['솔본', '비트컴퓨터', '이지케어텍', '제이엘케이', '케어랩스', '유비케어', '인피니트헬스케어', '천랩']"
통신장비,"['인성정보', '에프알텍', '유비벨록스', '뉴지랩', '아이앤씨', '코맥스', '웨이브일렉트로', '코콤', '서진시스템', '에스넷', '이노인스트루먼트', '유비쿼스홀딩스', '인텔리안테크', '현대통신', '라이트론', '스카이문스테크놀로지', '감마누', 'CS', '이노와이어리스', '우리넷', '아이크래프트', '텔레필드', '기산텔레콤', '코위버', '오이솔루션', '에치에프알', '알엔투테크놀로지', '케이엠더블유', '머큐리', '유비쿼스', '피피아이', '메탈라이프', '다산네트웍스', '빛샘전자', '옵티시스', 'RFHIC', '아이즈비전', '쏠리드', '하이트론', '삼지전자', '파이오링크', '라닉스', '에이스테크', '텔콘RF제약', '바른테크놀로지']"
양방향미디어와서비스,"['플리토', '아프리카TV', '퓨쳐스트림네트웍스', '캐리소프트', '카카오', 'THE E&M', 'NAVER', '키다리스튜디오', '티사이언티픽', '줌인터넷']"
판매업체,"['슈펙스비앤피', '코오롱티슈진', '큐렉소', '서울옥션', 'YW', '대명소노시즌', '세우글로벌', '쎌마테라퓨틱스']"
문구류,"['모나미', '양지사', '삼성출판사']"
건강관리업체및서비스,"['녹십자랩셀', '서울리거', '신테카바이오']"
자동차부품,"['오리엔트정공', '영화테크', '대성파인텍', '이엔드디', '삼보모터스', '유니테크노', '오리엔트바이오', '세종공업', '금호에이치티', '우리산업홀딩스', '인지컨트롤스', '세동', 'SJM', '한일단조', '유니크', '모토닉', '한국단자', '솔루에타', '대성엘텍', 'OQP', '성창오토텍', 'S&T중공업', '디아이씨', '대우부품', '일지테크', '대원강업', '영신금속', '태양금속우', '영화금속', '우신시스템', '삼원강재', '서연탑메탈', '두올', '코리아오토글라스', '세원', '유라테크', '글로벌에스엠', '부산주공', '팬스타엔터프라이즈', '한국큐빅', '한국타이어앤테크놀로지', '넥센', '모트렉스', '넥센타이어1우B', '티에이치엔', '구영테크', '로스웰', '평화홀딩스', 'SJM홀딩스', '대원산업', 'SG충방', '넥센우', '태양금속', '평화정공', 'KB오토시스', '아진산업', '센트랄모텍', '엠에스오토텍', '엔브이에이치코리아', '성우하이텍', '코리아에프티', '계양전기우', '디티알오토모티브', '넥센타이어', '체시스', '동원금속', '지코', '세원정공', '세원물산', '럭슬', 'S&T홀딩스', '에코플라스틱', '동아화성', '에스모', '에스제이케이', '네오티스', '이노와이즈', 'HDC현대EP', '평화산업', '화신정공', '서연이화', '동아타이어', '에스앤씨엔진그룹', '뉴프라이드', '삼성공조', '세방전지', '화신', '유니온머티리얼', '덕양산업', '한라홀딩스', '아이에이', '광진윈텍', '대유에이피', '케이비아이동국실업', '현대위아', '대유에이텍', '캐스텍코리아', '디젠스', 'DRB동일', '현대공업', '만도', '대동금속', '한국프랜지', '모베이스전자', '경창산업', '새론오토모티브', '계양전기', '동일고무벨트', '동양피스톤', '에코캡', '한국아트라스비엑스', '삼기오토모티브', '핸즈코퍼레이션', '화승알앤에이', '트루윈', '골든센츄리', '우리산업', '크린앤사이언스', '상신브레이크', '서진오토모티브', '금호타이어', '코다코', '대유플러스', '네오오토', '청보산업', 'SG&G', '코프라', '한국테크놀로지그룹', '일정실업', 'THE MIDONG', '서연', '세화아이엠씨', '한온시스템', '오스템', '에스엘', '현대모비스', '우수AMS', '유성기업', 'GH신소재', '지엠비코리아', '풍강', '인팩', 'S&T모티브', '티피씨글로벌', '태원물산', '이원컴포텍', '케이엔더블유']"
게임엔터테인먼트,"['데브시스터즈', '썸에이지', '펄어비스', '미투젠', '네오위즈홀딩스', '엔터메이트', '골프존', '드래곤플라이', 'NHN', '한빛소프트', '룽투코리아', '플레이위드', 'SNK', '아이톡시', '넵튠', '컴투스', '미투온', '엠게임', '더블유게임즈', '선데이토즈', '위메이드', '게임빌', '조이맥스', '넥슨지티', '넷게임즈', '네스엠', '넷마블', '액션스퀘어', '웹젠', '엔씨소프트', '조이시티', '네오위즈', '액토즈소프트', '베스파']"
출판,"['한류타임즈', '미스터블루', '아시아경제', '디지틀조선', '디앤씨미디어']"
전자제품,"['휴맥스홀딩스', '휴맥스', '팅크웨어', '삼진', '아남전자', '삼본전자', '에이디칩스', '디엠티', '경남제약헬스케어', '알로이스', '드림어스컴퍼니', 'TJ미디어', '파인디지털', '아리온', '홈캐스트', 'LG전자우', '가온미디어', '경인전자', '필로시스헬스케어', '모바일어플라이언스', 'LG전자']"
자동차,"['엘브이엠씨홀딩스', '기아자동차', '기아차', 'KR모터스', '현대자동차', '현대차', '현대차우', '현대차2우B', '쌍용자동차', '쌍용차', '현대차3우B']"
